{"stateActions":[{"type":"call","method":"unshift","getter":["tasks"],"args":[{"id":"task-zzjjutp465it","name":"HARPA.AI UPTIME","enabled":false,"createdMs":1672949345762,"inputs":{"actions":{"widget":{"enabled":true},"notification":{"enabled":false},"sound":{"enabled":false,"value":"Daniel","utterance":"Watcher Triggered","volume":50},"email":{"enabled":false,"to":"","silencePeriod":"daily","customSmtpEnabled":false,"customSmtpFrom":"\"HARPA AI Web Monitor\" <monitor@harpa.ai>","customSmtpHost":"smtp.gmail.com:465","customSmtpUsername":"","customSmtpPassword":""},"push":{"enabled":false},"sms":{"enabled":false},"slack":{"enabled":false},"telegram":{"enabled":false},"discord":{"enabled":false},"zapier":{"enabled":false},"webhook":{"enabled":false,"sendOn":"trigger","url":"https://webhook.site/","basicAuthEnabled":false,"basicAuthUsername":"","basicAuthPassword":""},"make":{"enabled":false}},"before":{"idleCheck":{"enabled":true,"timeout":30,"onTimeout":"carry-on"},"textCheck":{"enabled":false,"searchText":"JOIN THE MOVEMENT!","timeout":30,"onTimeout":"carry-on"},"scroll":{"enabled":false,"maxDuration":15},"dropBanners":{"enabled":true,"text":"cookie"}},"changeUpIs":{"value":"good"},"page":{"url":"https://harpa.ai/","timeout":30},"schedule":{"type":"periodical","manual":{},"periodical":{"frequency":"1d"},"interval":{},"week":{},"month":{},"mediumType":"hidden-tab","mediumId":727951695,"autoCloseTab":true},"tracking":{"value":"between-checks"},"trigger":{"minThreshold":0,"searchText":"discount\noff\npromo","httpCodes":["4xx","5xx"],"x":88,"y":101,"itemParameter":"value","icon":"ok","color":"positive","sendActionsOn":"every-trigger","limitActions":"do-not-limit","doubleCheck":"off"},"ua":{"vmode":null,"vlang":null,"vua":null,"customViewport":false,"viewportWidth":1512,"viewportHeight":632,"width":"100%","height":"100%"},"watcher.changes":{"whatToMonitor":"html","itemTypes":["text","icon","image","video","link","date","time","copyright","number","currency","price"]},"watcher.element":{"selector":[{"$matches":[{"$tag":"H1"},{"$role":"heading"},{"$class":"LandingHero__text"},{"$style":"Poppins:48px:400:normal"},{"$content":"Extract & Monitor Websites Data /\nAI-powered NoCode RPA platform that automates websites of any complexity"},{"$class":"LandingHero","traverse":"0"},{"$class":"Landing","traverse":"1:0"},{"$class":"Page__content","traverse":"0:1:0"},{"$class":"Page","traverse":"0:0:1:0"},{"$id":"__next","traverse":"0:0:0:1:0"},{"$anchor":"HARPA.AI","shift":"-2:130"},{"$text":"HARPA.AI","traverse":"-3:1:0"},{"$anchor":"HARPA monitors prices and data on websites for you, so that you buy cheaper and stay on top of competition. It can track prices, scrape tabular data, detect changes in competitor sites, turn websites into APIs and more.","shift":"0:-216"},{"$text":"HARPA monitors prices and data on websites for you, so that you buy cheaper and stay on top of competition. It can track prices, scrape tabular data, detect changes in competitor sites, turn websites into APIs and more.","traverse":"-1:0"},{"$anchor":"Monitor Stock and Prices","shift":"-123:-597"},{"$text":"Monitor Stock and Prices","traverse":"-5:1:0"}],"type":"most","min":3},{"$size":1},{"$parse":"text","at":0}]},"watcher.price":{"pickup":"visually-largest","n":1,"anchorText":""},"watcher.trigger":{"monitorChangesText":"content-changes","monitorChangesHtml":"content-changes","monitorChangesData":"content-changes","monitorElement":"value-changes","monitorPrice":"price-changes","monitorHealth":"none"}},"widgets":{"value":{"type":"value"},"graph":{"type":"graph"}},"records":[{"ms":1672949588249,"value":"Up","info":"Page is <b>UP</b> with status <b>200 / OK</b>","status":"heart-ok"}],"state":{},"recipeId":"watcher.monitorHealth","version":54,"draft":null,"inputScreen":"overview","previewUrl":null}]},{"type":"call","method":"unshift","getter":["tasks"],"args":[{"id":"task-oql6zd9yijtx","recipeId":"watcher.monitorPrice","name":"AMAZON BOOK PRICE","enabled":false,"createdMs":1672949345762,"inputs":{"actions":{"widget":{"enabled":true},"notification":{"enabled":false},"sound":{"enabled":false,"value":"sound:pop","utterance":"Watcher Triggered","volume":50},"email":{"enabled":false,"to":"","silencePeriod":"daily","customSmtpEnabled":false,"customSmtpFrom":"\"HARPA AI Web Monitor\" <monitor@harpa.ai>","customSmtpHost":"smtp.gmail.com:465","customSmtpUsername":"","customSmtpPassword":""},"push":{"enabled":false},"sms":{"enabled":false},"slack":{"enabled":false},"telegram":{"enabled":false},"discord":{"enabled":false},"zapier":{"enabled":false},"webhook":{"enabled":false,"sendOn":"trigger","url":"https://webhook.site/","basicAuthEnabled":false,"basicAuthUsername":"","basicAuthPassword":""},"make":{"enabled":false}},"before":{"idleCheck":{"enabled":true,"timeout":30,"onTimeout":"carry-on"},"dropBanners":{"enabled":true,"text":"cookie"},"textCheck":{"enabled":false,"searchText":"","timeout":30,"onTimeout":"report-error"},"scroll":{"enabled":false,"maxDuration":15}},"changeUpIs":{"value":"bad"},"page":{"url":"https://www.amazon.com/Obstacle-Way-Timeless-Turning-Triumph/dp/1591846358","timeout":30},"schedule":{"type":"periodical","periodical":{"frequency":"1d"},"interval":{},"week":{},"month":{},"mediumType":"hidden-tab","mediumId":727951691,"autoCloseTab":true},"tracking":{"value":"between-checks"},"trigger":{"minThreshold":5,"searchText":"discount\noff\npromo","httpCodes":["4xx","5xx"],"x":89.99,"y":99.99,"itemParameter":"value","icon":"alert","color":"negative","sendActionsOn":"first-trigger","limitActions":"do-not-limit","doubleCheck":"off"},"ua":{"vmode":"patched","vlang":null,"vua":null,"customViewport":false,"viewportWidth":1512,"viewportHeight":632,"width":"100%","height":"100%"},"watcher.changes":{"whatToMonitor":"html","itemTypes":["text","icon","image","video","link","date","time","copyright","number","currency","price"]},"watcher.element":{"selector":[{"$matches":[{"$tag":"H1"},{"$role":"heading"},{"$id":"title"},{"$class":"a-spacing-none"},{"$class":"a-text-normal"},{"$style":"\"Amazon Ember\":28px:400:normal"},{"$content":"The Obstacle Is the Way: The Timeless Art of Turning Trials into Triumph Hardcover – {{data}}"},{"$id":"productTitle","traverse":"-1"},{"$id":"productSubtitle","traverse":"-1"},{"$id":"titleblock_feature_div","traverse":"0:0"},{"$id":"centerCol","traverse":"1:0:0"},{"$class":"centerColumn","traverse":"1:0:0"},{"$anchor":"by Ryan Holiday (Author)","shift":"0:-72"},{"$text":"by Ryan Holiday (Author)","traverse":"-2:1:0:0"},{"$anchor":"Best Sellers & More","shift":"42:113"},{"$text":"Best Sellers & More","traverse":"-6:81:5:3:6:1:0:0"},{"$anchor":"Amazon Book Clubs","shift":"-86:113"},{"$text":"Amazon Book Clubs","traverse":"-6:81:5:3:6:1:0:0"}],"type":"most","min":5},{"$size":1},{"$parse":"text","at":0}]},"watcher.price":{"pickup":"closest-to","n":"1","anchorText":"Hardcover"},"watcher.trigger":{"monitorChangesText":"content-changes","monitorChangesHtml":"content-changes","monitorChangesData":"content-changes","monitorElement":"value-changes","monitorPrice":"none","monitorHealth":"web-page-is-down"}},"widgets":{"value":{"type":"value"},"graph":{"type":"graph"}},"records":[{"ms":1672949571913,"value":14.99,"info":"Parsed <b>14.99 US dollars</b>","metric":"CUR:USD","status":"ok"}],"state":{},"version":54,"draft":null,"inputScreen":"overview","previewUrl":null}]},{"type":"call","method":"unshift","getter":["tasks"],"args":[{"id":"task-861xeku4oz1y","name":"TREES PLANTED","enabled":false,"createdMs":1672949345762,"inputs":{"actions":{"widget":{"enabled":true},"notification":{"enabled":false},"sound":{"enabled":false,"value":"Daniel","utterance":"Watcher Triggered","volume":50},"email":{"enabled":false,"to":"","silencePeriod":"daily","customSmtpEnabled":false,"customSmtpFrom":"\"HARPA AI Web Monitor\" <monitor@harpa.ai>","customSmtpHost":"smtp.gmail.com:465","customSmtpUsername":"","customSmtpPassword":""},"push":{"enabled":false},"sms":{"enabled":false},"slack":{"enabled":false},"telegram":{"enabled":false},"discord":{"enabled":false},"zapier":{"enabled":false},"webhook":{"enabled":false,"sendOn":"trigger","url":"https://webhook.site/","basicAuthEnabled":false,"basicAuthUsername":"","basicAuthPassword":""},"make":{"enabled":false}},"before":{"idleCheck":{"enabled":true,"timeout":30,"onTimeout":"carry-on"},"textCheck":{"enabled":false,"searchText":"JOIN THE MOVEMENT!","timeout":30,"onTimeout":"carry-on"},"scroll":{"enabled":false,"maxDuration":15},"dropBanners":{"enabled":true,"text":"cookie"}},"changeUpIs":{"value":"good"},"page":{"url":"https://teamtrees.org/","timeout":30},"schedule":{"type":"periodical","manual":{},"periodical":{"frequency":"1d"},"interval":{},"week":{},"month":{},"mediumType":"hidden-tab","mediumId":727951685,"autoCloseTab":true},"tracking":{"value":"between-checks"},"trigger":{"minThreshold":0,"searchText":"discount\noff\npromo","httpCodes":["4xx","5xx"],"x":88,"y":101,"itemParameter":"value","icon":"ok","color":"positive","sendActionsOn":"every-trigger","limitActions":"do-not-limit","doubleCheck":"off"},"ua":{"vmode":null,"vlang":null,"vua":null,"customViewport":false,"viewportWidth":1512,"viewportHeight":632,"width":"100%","height":"100%"},"watcher.changes":{"whatToMonitor":"html","itemTypes":["text","icon","image","video","link","date","time","copyright","number","currency","price"]},"watcher.element":{"selector":"- $matches:\n    - $tag: H2\n    - $role: heading\n    - $id: totalTrees\n    - $class: counter\n    - $class: text-6xl\n    - $class: sm:text-8xl\n    - $class: lg:text-hero\n    - $class: font-black\n    - $class: pb-24\n    - $class: md:pb-0\n    - $style: Montserrat:176px:900:normal\n    - $content: '{{data}}'\n    - $class: pt-4\n      traverse: '3'\n    - $class: md:pt-16\n      traverse: '3'\n    - $class: md:pb-48\n      traverse: '1:3'\n    - $role: banner\n      traverse: '3:1:3'\n    - $id: home\n      traverse: '0:3:1:3'\n    - $text: JOIN THE MOVEMENT!\n      traverse: '-1:3'\n  type: any\n  min: 5\n- $size: 1\n- $parse: number\n  at: 0"},"watcher.price":{"pickup":"visually-largest","n":1,"anchorText":""},"watcher.trigger":{"monitorChangesText":"content-changes","monitorChangesHtml":"content-changes","monitorChangesData":"content-changes","monitorElement":"none","monitorPrice":"price-changes","monitorHealth":"web-page-is-down"}},"widgets":{"value":{"type":"value"},"graph":{"type":"graph"}},"records":[{"ms":1672949529687,"value":24164619,"info":"Parsed <b>24,164,619</b>","metric":"number","status":"ok"}],"state":{"item":{"type":"number","value":24164619,"content":"24,164,619","context":"24,164,619","index":0}},"recipeId":"watcher.monitorElement","version":54,"draft":null,"inputScreen":"overview","previewUrl":null}]},{"type":"set","value":{"favicon":"https://harpa.ai/favicon.ico"},"key":"harpa","getter":["library","domains"]},{"type":"set","value":{"favicon":"https://www.amazon.com/favicon.ico"},"key":"amazon","getter":["library","domains"]},{"type":"set","value":{"favicon":"https://teamtrees.org/favicon.ico"},"key":"teamtrees","getter":["library","domains"]}]}
